LotFrontage;LotArea;YearBuilt;YearRemodAdd;BedroomAbvGr;TotRmsAbvGrd;GarageCars;Price
80;11622;1961;1961;2;5;1;169277,05
81;14267;1958;1958;3;6;1;187758,39
74;13830;1997;1998;3;6;2;183583,68
78;9978;1998;1998;3;7;2;179317,48
43;5005;1992;1992;2;5;2;150730,08
75;10000;1993;1994;3;7;2;177150,99
NA;7980;1992;2007;3;6;2;172070,66
63;8402;1998;1998;3;7;2;175110,96
85;10176;1990;1990;2;5;2;162011,70
70;8400;1970;1970;2;4;2;160726,25
26;5858;1999;1999;2;5;2;157933,28
21;1680;1971;1971;2;5;1;145291,25
21;1680;1971;1971;3;6;1;159672,02
24;2280;1975;1975;3;6;2;164167,52
24;2280;1975;1975;2;4;1;150891,64
102;12858;2009;2010;3;10;3;179460,97
94;12883;2009;2010;3;7;3;185034,63
90;11520;2005;2005;3;7;3;182352,19
79;14122;2005;2006;3;8;3;183053,46
110;14300;2003;2004;3;10;3;187823,34
105;13650;2002;2002;3;7;3;186544,11
41;7132;2006;2006;2;6;2;158230,78
100;18494;2005;2005;3;6;2;190552,83
43;3203;2006;2006;2;6;2;147183,67
67;13300;2004;2004;3;7;2;185855,30
63;8577;2004;2004;3;7;2;174350,47
60;17433;1998;1998;4;7;3;201740,62
73;8987;2005;2006;2;6;3;162986,38
92;9215;2009;2010;2;4;2;162330,20
84;10440;2005;2005;2;6;2;165845,94
70;11920;2004;2004;3;8;2;180929,62
70;9800;1920;1950;2;5;1;163481,50
39;15410;1974;2002;3;7;2;187798,08
85;13143;1993;1993;4;9;3;198822,20
88;11134;1992;1993;4;7;3;194868,41
25;4835;2004;2005;2;6;2;152605,30
39;3515;2004;2004;2;3;2;147797,70
30;3215;2004;2004;2;4;2;150521,97
24;2544;2004;2005;2;4;2;146991,63
24;2544;2005;2005;2;4;2;150306,31
NA;2980;2000;2000;2;5;2;151164,37
NA;2403;2003;2003;2;4;2;151133,71
57;12853;2010;2010;1;6;3;156214,04
68;7379;2000;2000;3;7;2;171992,76
80;8000;2002;2002;3;6;2;173214,91
NA;10456;1967;1967;4;8;2;192429,19
80;10791;1993;1993;4;9;2;190878,70
NA;18837;1978;1978;3;7;2;194542,54
80;9600;1971;1971;4;7;2;191849,44
80;9600;1966;1966;3;6;2;176363,77
90;9900;1966;1966;3;6;2;176954,19
88;9680;1967;1967;3;6;2;176521,22
NA;10600;1964;1964;3;8;2;179436,70
98;13260;1962;2001;6;10;0;220079,76
68;9724;1952;2002;3;7;2;175502,92
120;17360;1949;1950;3;6;2;188321,07
75;11380;1966;2008;2;5;1;163276,32
70;8267;1958;1958;4;8;2;185911,37
70;8197;2003;2009;3;7;2;171392,83
NA;8050;1959;1959;3;6;1;174418,21
87;10725;1959;1959;3;6;1;179682,71
80;10032;1959;1959;3;6;2;179423,75
60;8382;1956;1956;3;5;1;171756,92
60;10950;1952;1952;2;4;1;166849,64
119;10895;1955;1955;3;5;1;181122,17
70;13587;1958;1958;2;5;1;170934,46
65;7898;1920;1994;2;4;2;159738,29
60;8064;1948;2004;3;5;1;174445,76
81;7635;1960;1960;3;6;2;174706,36
80;9760;1963;1984;2;7;2;164507,67
60;4800;1900;1954;3;9;1;163602,51
56;4485;1920;1950;2;5;0;154126,27
69;5805;1957;1957;3;6;2;171104,85
50;6900;1938;2000;3;6;1;167735,39
69;11851;1948;2009;3;7;1;183003,61
NA;8239;1920;1962;3;6;1;172580,38
68;9656;1923;1970;2;5;2;165407,89
60;9600;1900;2003;3;7;1;176363,77
50;9000;1890;2002;3;7;2;175182,95
100;9045;1910;1950;4;12;0;190757,18
60;10560;1922;1994;2;6;2;167187,00
53;5830;1950;1997;3;7;1;167839,38
NA;7793;1922;2005;3;8;1;173912,42
50;5000;1925;1950;2;4;1;154034,92
50;6000;1939;1950;2;5;1;156002,96
50;6000;1940;1950;3;6;2;168173,94
53;6360;1942;1950;3;7;1;168882,44
50;6000;1948;1950;3;6;1;168173,94
52;6240;1936;1980;2;5;2;157580,18
52;6240;1930;1950;4;7;2;181922,15
51;6120;1923;1950;2;5;1;155134,23
57;8094;1915;1950;4;9;2;188885,57
60;12900;1912;2009;3;7;0;183963,19
52;3068;1920;1993;3;6;1;161298,76
100;15263;1959;1959;3;8;1;188613,67
72;10632;1917;1950;3;6;1;175080,11
60;9900;1915;1950;3;6;0;174744,40
65;6001;1940;1950;3;5;1;168175,91
NA;6449;1907;1950;4;7;0;182333,47
60;6048;1910;1950;2;7;2;158307,21
72;10773;1967;1967;4;8;0;193053,06
65;7800;1966;2008;3;5;1;175031,09
65;7832;1968;1968;2;4;1;160713,29
NA;7424;1978;1978;3;5;2;173186,22
86;11227;1968;1968;4;7;2;191736,76
NA;20062;1977;2001;1;4;2;170401,63
94;9259;1927;1950;2;4;2;164626,58
NA;17082;1978;1992;4;8;2;205469,41
124;18600;1938;1990;4;8;1;209561,78
65;11479;1950;1987;3;6;1;182271,50
50;9350;1947;1979;3;8;1;178081,55
75;9525;1954;1998;3;5;1;178425,96
44;17485;2009;2010;1;5;2;162015,32
NA;11200;1964;1964;3;5;2;181722,42
83;11980;1987;1987;1;4;2;156705,73
87;12361;1993;1993;3;8;4;182902,42
64;7360;2010;2010;2;6;2;157574,60
82;14235;1900;1993;3;6;2;184380,74
82;11105;1996;1996;2;4;2;169364,47
NA;9337;1997;1998;3;8;2;175846,18
38;15240;1977;2004;3;5;1;189673,30
68;7480;1972;1972;3;5;2;174401,32
80;10389;2003;2003;3;8;3;179021,45
75;9375;1997;1997;4;9;2;189196,85
NA;4435;2003;2003;1;4;2;139647,10
67;8777;1945;2007;2;5;1;161468,20
68;8842;1954;1954;3;6;1;171557,32
60;10044;1968;1968;3;6;1;179447,37
89;11792;1948;1950;2;5;2;169611,62
65;6305;1975;1975;3;5;1;172088,87
64;6410;1958;1958;3;5;0;171190,62
67;4853;1924;1999;2;5;1;154850,51
NA;7890;1939;1950;2;4;2;158617,66
60;7200;1967;1967;6;10;0;209258,34
51;9839;1931;1950;3;7;0;177939,03
78;10452;1941;1985;4;8;1;194631,10
78;15600;1950;1991;5;11;2;213618,87
85;19645;1994;2007;3;6;2;198342,50
35;3907;1989;1989;1;4;2;138607,97
35;3907;1989;1989;2;5;2;150778,96
58;8154;1941;1950;1;4;1;146966,23
50;9140;1921;1975;2;5;1;162182,60
66;8712;1896;1950;3;5;1;176825,94
44;3811;2004;2005;2;5;2;152799,81
85;11050;1998;1999;3;8;3;180322,32
74;9620;1977;1977;3;6;2;177508,03
NA;12760;1976;1976;5;9;2;208029,64
88;11896;2008;2008;3;6;3;181987,28
73;9803;2009;2010;2;6;2;160172,73
73;9802;2006;2007;3;7;2;176761,32
85;15300;1965;1977;2;7;2;176515,50
93;10114;2004;2005;3;7;2;176270,45
NA;11875;1999;1999;3;7;2;183050,85
31;2394;1973;1973;2;5;1;150011,10
21;1476;1970;1970;3;5;0;159270,54
21;1900;1970;1970;3;5;0;163419,66
21;1890;1972;1972;3;5;1;163399,98
50;6953;1971;2004;3;5;1;173364,16
76;12887;1984;1984;2;5;2;169556,84
70;7700;1985;1986;4;10;2;183690,60
63;10475;1991;1991;3;6;2;176980,91
68;10544;1969;1969;5;8;1;204773,36
76;9892;1994;1995;3;6;2;174728,66
74;12961;1993;1994;3;7;2;181873,46
74;13008;1956;1956;2;5;1;177322,00
85;10200;1974;1974;4;7;2;193927,94
88;10179;1997;1997;3;7;2;181715,62
NA;11792;2003;2003;4;9;3;199270,84
60;8400;1996;1997;3;7;2;177109,59
28;7296;2004;2005;1;8;2;153909,58
61;7380;1998;1998;2;5;2;162931,20
57;8013;1995;1996;2;6;2;166386,76
57;8923;1998;1998;3;7;2;173719,30
60;7500;1998;1999;3;7;2;179757,93
NA;8803;1994;1995;3;7;2;179007,60
58;7250;1993;1993;3;6;2;180370,81
85;11900;1977;1977;3;6;2;185102,62
NA;13250;1978;1978;4;8;2;198825,56
80;10928;1978;1986;3;7;2;184294,58
NA;12388;1980;1991;4;9;2;200443,79
80;11088;1978;1998;3;7;2;181294,78
70;7000;2003;2003;3;7;2;174354,34
NA;7500;2000;2001;3;7;2;172023,68
NA;8470;2002;2002;3;7;2;181666,92
NA;9373;1975;1975;3;7;2;179024,49
78;10140;1974;1974;3;6;2;178324,19
85;11050;1975;1975;3;5;2;184534,68
NA;7830;1970;1970;2;6;2;159397,25
NA;8510;1971;1971;3;6;1;178430,97
60;7038;1970;1970;3;5;2;177743,80
60;9000;1971;2006;3;5;2;179395,31
21;1680;1973;1973;2;5;1;151713,38
21;1680;1972;1972;2;5;1;151713,38
24;2308;1976;1976;3;7;2;168434,98
24;2280;1975;1975;2;4;2;153999,10
24;2349;1977;1977;3;6;2;164096,10
24;2364;1978;1978;3;7;2;166335,40
24;2364;1978;1978;3;6;2;163020,73
24;2104;1976;1976;2;5;1;155862,51
NA;10710;1966;2004;3;5;2;182760,65
110;14257;2007;2007;4;10;3;201912,27
95;12350;2009;2009;3;8;3;185988,23
95;12350;2008;2008;3;7;3;183778,45
105;13693;2007;2007;2;8;3;170935,86
95;11578;2008;2008;3;7;3;184468,91
129;16870;2004;2005;3;7;3;191569,09
59;23303;2007;2007;5;10;3;232991,03
87;10367;2008;2008;3;8;3;180980,72
77;10872;2006;2006;2;6;3;164279,13
102;13514;2008;2008;3;7;3;183859,46
90;12878;2003;2004;3;8;2;185922,47
110;15274;2003;2003;3;10;3;191742,78
96;13262;2003;2004;4;10;3;199954,07
70;9658;2006;2006;3;6;3;180690,27
47;6904;2005;2005;2;6;2;163099,31
34;5122;2005;2005;1;5;2;140791,92
80;10307;2007;2008;2;6;2;166481,87
100;14836;2004;2005;2;8;3;172080,43
117;15262;2003;2004;3;8;3;191719,16
44;7390;2008;2009;2;6;2;160741,10
48;6472;2008;2008;2;6;2;157829,55
129;16770;2002;2003;3;8;3;196896,75
48;3480;2003;2003;2;6;2;159675,42
63;10928;2005;2005;3;8;2;182084,79
57;8918;2005;2006;3;7;2;179233,93
43;3182;2005;2006;2;5;2;155774,27
59;9434;2004;2005;3;6;2;181354,33
62;7984;2004;2005;3;7;2;179605,56
61;10125;2004;2004;3;7;2;181609,35
NA;8965;2003;2003;3;8;2;178221,53
NA;8174;2003;2003;3;7;2;175559,92
NA;12891;2002;2002;4;8;3;200328,82
61;9734;2004;2004;3;7;2;178630,06
42;8433;2000;2000;3;7;2;177174,54
62;7750;1999;2000;3;7;2;172515,69
NA;15896;1999;1999;4;8;3;204032,99
64;7848;1999;1999;3;7;2;176023,23
106;12720;2000;2000;4;10;3;202202,07
NA;10750;1994;1995;3;7;3;181734,48
79;9085;1995;1996;3;7;2;183982,16
NA;11692;1993;1994;3;8;2;188007,94
86;11194;2008;2008;3;7;3;185922,97
78;10206;2008;2008;3;7;3;183978,54
85;10130;2007;2007;3;7;3;177199,62
76;9139;2006;2006;3;7;2;181878,65
85;11128;2005;2006;2;9;3;173622,09
90;7993;2008;2009;3;6;2;180728,17
72;8640;2008;2008;3;7;2;176477,03
112;12606;2007;2008;3;7;3;184282,27
75;7500;2006;2007;2;6;2;162062,48
84;10603;2006;2006;3;8;3;182550,07
65;8125;2008;2009;3;8;2;180987,95
85;10625;2006;2007;3;8;3;178173,80
68;8736;2003;2004;3;6;2;179980,64
65;8127;2003;2003;3;6;2;173257,64
80;9605;2007;2007;3;6;2;177271,29
63;7500;2006;2006;3;6;2;175338,36
63;7500;2004;2004;3;5;0;177548,14
96;10628;2004;2004;3;8;2;175969,92
76;10141;2004;2004;3;6;3;175011,48
63;13072;2004;2005;3;6;2;185199,37
63;13072;2004;2004;3;6;0;188514,05
60;12450;2003;2004;3;6;2;185080,15
61;7328;2008;2009;2;6;3;157304,40
43;11492;1996;1997;4;8;2;194260,86
70;7703;1992;1992;3;6;2;181262,33
50;7175;1990;1991;2;5;2;157003,29
70;9109;1994;1994;3;6;2;182924,50
NA;10274;1986;1986;3;6;2;181902,59
75;8250;1981;1981;4;8;2;188985,37
63;9750;1962;1962;3;5;2;185290,90
NA;8499;1961;1961;3;5;2;177304,43
NA;9079;1961;1961;2;5;1;166274,90
NA;9316;1965;1965;3;5;1;177807,42
NA;7791;1963;1995;3;6;1;180330,62
65;7150;1962;1962;3;6;1;179069,11
NA;15676;1980;1980;2;6;3;175943,37
NA;11949;1991;2008;3;7;2;185199,05
32;2880;2004;2005;3;9;3;167350,91
NA;3830;2008;2008;2;6;2;149315,31
NA;4217;2008;2008;1;5;2;139010,85
34;2998;2000;2000;2;4;2;155412,15
35;3768;1999;1999;3;6;2;171308,31
NA;14694;1977;2008;2;5;2;176220,54
110;15417;1981;1981;2;7;2;177643,43
80;9600;1976;1976;4;5;2;187222,65
NA;12732;1974;1974;3;7;2;185635,13
80;10400;1967;1997;5;8;2;206492,53
80;9600;1969;1969;3;6;2;181681,02
75;9000;1969;1969;3;5;1;180500,20
NA;13774;1977;1992;4;8;2;206486,17
62;7130;1967;1967;2;5;1;161334,30
80;9600;1967;1967;3;7;2;176156,56
80;9600;1974;1974;4;8;2;191642,22
NA;16500;1971;1971;3;5;2;191945,81
60;7436;1960;1960;2;5;2;164146,31
65;8125;1959;1959;3;5;1;179883,06
NA;9450;1957;1957;3;6;3;178071,14
NA;13495;1956;1956;3;7;2;188241,64
85;9350;1961;1995;3;6;2;174559,66
115;10500;1964;1964;3;6;2;182347,36
NA;8970;1965;1965;4;7;2;191507,25
85;11475;1961;1961;4;7;2;199751,87
68;9768;1955;1955;2;5;1;162106,42
90;9900;1967;1967;2;5;2;164575,98
92;10573;1961;1961;3;6;2;179176,35
80;14695;1966;2008;2;5;2;177327,40
73;8760;1956;1956;3;6;1;177818,08
NA;12285;1960;1960;3;5;2;186965,20
66;9240;1959;1998;3;6;1;178762,74
70;8750;1956;1956;3;6;1;183322,87
70;8750;1955;1955;3;6;1;178903,30
80;10400;1956;1956;3;6;1;186570,13
76;9482;1958;1958;4;8;2;199144,24
53;8128;1954;1954;3;6;1;172154,71
67;13070;1951;1951;2;5;2;177444,02
80;8480;1945;1950;2;4;1;166200,94
60;7626;1952;2005;2;5;1;158995,77
75;9533;1953;1953;2;7;1;168273,28
78;11419;1948;1999;3;6;2;189680,45
60;9600;1950;1950;3;6;1;181681,02
53;5470;1958;1958;2;4;1;160277,14
60;10800;1939;2006;4;7;2;197318,55
80;8146;1900;2003;2;6;1;162228,94
60;10230;1925;1950;3;6;1;187340,46
60;10410;1915;1950;3;8;2;181065,35
60;7200;1910;2008;4;5;2;190233,61
90;5400;1940;1950;2;4;0;157929,59
60;10800;1920;1950;2;4;2;168557,00
60;10800;1890;1998;1;4;1;160805,58
81;9671;1969;1969;6;12;3;221648,39
83;10143;1963;1963;3;6;1;180539,88
77;11500;1967;1967;3;6;2;182105,62
62;8010;1958;2007;2;6;2;166380,85
90;10454;1957;1957;3;5;1;178942,16
80;9000;1958;1958;2;5;1;162804,75
60;8064;1950;1950;3;5;2;183077,68
71;7350;1958;1958;3;6;1;171728,47
60;7200;1952;1952;2;4;1;164786,74
80;8000;1959;1959;3;6;1;177427,27
60;10800;1949;1996;4;6;1;197318,55
60;8064;1948;1994;3;6;2;178658,11
76;7570;1964;1964;4;8;2;185437,32
75;8604;1978;1978;2;4;2;169759,65
80;7936;1963;1963;3;6;1;173986,64
68;4080;1935;1998;3;6;1;168607,66
57;10307;1910;1950;4;12;2;194138,52
90;15660;1910;2003;3;6;2;192502,44
90;9900;1910;2002;3;7;0;176746,97
57;6406;1939;1950;3;7;2;177604,89
63;7627;1920;1950;4;8;0;193283,75
56;10134;1910;1950;3;6;0;181627,06
50;6000;1950;1970;3;6;1;169071,62
62;7404;1920;1950;2;5;2;167398,01
50;5925;1940;1950;1;4;1;150106,51
60;8520;1923;1950;2;5;1;159650,30
60;9600;1910;1950;3;7;2;179471,24
70;8400;1900;1950;3;8;1;177109,59
60;3600;1917;2007;3;5;1;166558,11
NA;3300;1910;1950;2;5;0;153796,71
60;5400;1920;1950;3;6;1;174520,15
60;9720;1910;2002;4;8;3;196297,96
72;9392;1900;1950;2;5;0;169100,68
NA;6615;1923;1950;3;6;1;176911,32
50;4960;1930;1982;3;7;1;169234,65
60;6000;1924;1950;3;6;1;172386,30
51;6120;1925;1999;2;5;1;156031,90
51;6120;1938;1950;3;6;1;168202,89
50;8635;1925;1950;2;5;5;166505,98
57;8094;1915;1950;3;8;2;176507,37
68;9928;1915;1994;3;8;1;180116,75
50;3000;1922;1950;4;11;0;183072,74
57;6876;1927;1950;4;8;1;189595,96
NA;5775;1915;2002;3;7;1;167523,92
41;5852;1902;2000;6;9;0;210817,78
60;5160;1927;1950;3;4;1;172942,93
86;5160;1923;1950;1;5;0;145286,28
60;10320;1915;1965;3;7;1;176468,65
50;4280;1946;2001;2;4;1;159040,07
60;10800;1987;1988;3;5;0;178518,20
NA;10547;1978;1978;2;6;1;169163,98
60;9780;1934;1950;4;6;1;189786,69
75;11625;1967;1967;3;6;1;181246,73
NA;8014;1978;1978;3;5;2;176349,93
88;15400;1961;1961;4;8;1;205266,63
88;15312;1960;1960;3;6;2;187397,99
NA;15584;1956;1956;4;9;1;208943,43
NA;9000;1947;1950;2;5;0;165014,53
NA;15635;1954;1954;2;6;2;182492,04
68;9571;1956;1956;2;5;1;161718,71
50;9350;1946;1950;3;6;1;180084,12
62;7440;1954;1954;3;5;1;178534,95
42;4235;1984;1984;2;5;1;151217,26
74;10778;1990;1991;1;4;2;156342,72
66;19255;1983;1983;2;5;2;188511,44
85;10560;1993;1994;3;8;2;183570,34
120;26400;1880;2007;4;7;2;225810,16
64;7018;1979;1979;6;8;2;214217,40
64;7018;1979;1979;4;8;2;187665,64
64;7040;1979;1979;2;6;2;161157,18
64;7007;1979;1979;4;8;2;187643,99
NA;11855;2000;2000;6;8;4;228156,37
NA;7939;2000;2000;6;8;4;220449,53
NA;7976;2000;2000;6;8;4;220522,35
84;10933;2009;2009;1;8;3;156647,76
65;10816;2008;2008;3;8;3;187388,83
71;9178;2008;2008;3;6;3;178640,72
77;11422;2007;2008;3;7;2;180847,22
64;6762;2007;2007;2;6;2;159505,17
95;10324;2008;2008;2;5;3;164305,54
78;11645;2005;2006;3;7;3;180181,20
79;11646;2005;2006;3;7;2;184602,73
NA;16698;1992;1993;3;7;2;193440,37
65;9757;1994;1994;3;5;1;184199,79
65;14753;1998;1998;3;5;2;196241,89
70;8750;1998;1998;3;7;2;175588,62
65;10739;2002;2001;3;6;2;179503,05
75;11166;2001;2001;3;6;2;183658,08
NA;16269;1978;1978;3;5;1;193700,98
76;6950;1979;1979;2;5;2;165399,62
90;11664;2002;2002;3;6;3;186847,94
NA;12334;2003;2003;4;8;2;198127,73
70;8749;2002;2002;3;6;2;183320,90
NA;11250;2001;2001;3;6;2;181613,61
90;15750;1999;2000;2;5;2;178298,79
NA;12782;2002;2003;3;7;2;185733,53
70;8750;1997;1998;3;7;2;180008,19
85;10200;2007;2007;3;7;3;175127,60
85;11069;2007;2007;3;6;2;183467,18
80;10682;1960;1971;3;7;1;182705,55
35;3675;2005;2006;2;5;2;152324,94
64;6410;1959;1959;3;5;1;169878,52
70;11767;1950;1950;3;6;1;183735,98
65;10926;1959;1959;6;10;0;224118,28
70;11767;1956;1956;2;7;1;169355,20
45;8212;1941;1950;3;6;1;180054,28
70;6300;1938;1950;3;7;1;174081,60
43;5707;1935;1950;3;6;1;168494,99
64;8574;1916;2000;3;6;2;181871,60
53;7155;1918;1990;3;6;1;173554,49
60;13680;1940;1950;2;6;2;169805,38
80;14680;1960;1960;2;5;1;176192,99
NA;8145;1940;1950;5;13;2;204264,39
70;9100;1954;1954;2;6;1;169630,91
90;13339;1960;1960;3;6;2;185724,84
78;15600;1949;2005;3;7;1;195699,04
100;17500;1954;1954;3;6;2;189494,28
24;1733;1980;1980;2;5;2;149607,91
24;1488;1980;1992;2;5;2;154650,20
24;1612;1980;1980;2;5;2;151579,56
NA;13607;1986;1986;3;6;2;185147,38
NA;17597;1971;2009;3;7;2;196314,53
50;8660;1900;1993;5;11;2;210802,40
60;10200;1925;1950;2;4;1;166271,29
44;3843;2007;2008;2;5;2;154865,36
109;21780;1910;1950;1;4;1;173575,51
75;10125;2000;2001;3;7;3;179399,56
75;9750;1977;1977;2;5;1;164280,78
72;9360;1977;1977;2;5;2;171247,49
82;11070;1991;1991;2;5;2;166878,59
113;13438;2008;2008;3;9;3;188129,46
79;14463;2008;2008;3;7;3;183517,34
NA;9839;1980;2006;3;7;2;175522,03
125;14419;1987;1989;3;7;2;190060,11
75;9157;2003;2003;3;9;2;174179,82
85;12633;2007;2007;2;7;3;171059,52
75;12518;1968;1968;3;6;1;183004,19
83;13383;1969;2000;3;7;2;183601,65
50;7689;1972;1972;2;4;1;163539,33
62;7706;1993;1996;2;5;1;164677,68
70;7669;1992;1993;2;5;2;162395,07
62;10429;1992;1992;3;6;2;182207,63
70;10457;1969;1969;4;7;2;192223,94
72;8702;1997;1998;3;7;2;176391,83
65;8139;1995;1996;3;7;2;181913,18
59;9535;1998;1998;3;7;2;179136,10
NA;15038;1996;1996;3;7;2;196595,57
53;14137;1996;1997;3;7;2;194822,37
45;6264;1997;1997;1;6;2;148356,67
39;5070;1992;1992;2;5;2;160387,60
73;11184;1998;1998;3;7;2;181276,50
NA;14067;1991;1991;3;7;2;192474,82
65;5950;1989;1989;2;5;2;157699,91
101;13543;2005;2005;5;9;3;215785,54
53;15401;2004;2004;2;7;3;181824,30
NA;31220;1952;1952;3;7;2;221813,01
60;8118;2007;2007;2;6;2;165281,29
NA;47280;1950;1950;3;6;2;255629,49
63;12680;1988;1988;2;6;2;173154,59
NA;10825;1983;1983;3;6;2;183884,65
56;18559;1978;1978;3;7;2;200210,35
85;14450;1979;1979;3;6;2;186599,22
90;13068;1976;1976;3;6;2;192718,53
80;10400;1980;1988;3;7;2;178628,67
75;9743;1969;1969;3;7;2;180650,34
NA;12511;1978;1978;4;8;4;206003,11
80;10400;1976;1976;2;5;2;166457,68
NA;14311;1996;1996;4;9;3;202916,22
60;9000;1974;1974;4;8;2;192463,97
68;10295;1969;1969;2;4;1;171775,50
63;7560;1971;1971;3;5;2;175249,22
21;1680;1973;1973;2;5;1;147086,60
21;1890;1972;1972;2;5;1;149709,67
21;1680;1972;1972;3;6;1;171411,40
24;2308;1975;1975;4;7;2;178188,96
24;2529;1977;1977;2;4;2;156491,71
98;12704;2007;2007;3;7;3;180953,24
105;13693;2007;2007;4;9;3;203909,76
104;14418;2007;2007;2;7;3;175470,15
108;13418;2006;2006;4;9;3;205578,33
96;12539;2005;2006;4;10;4;199428,86
102;12151;2005;2005;3;9;3;187599,16
74;8899;2007;2007;4;10;3;192265,20
85;10574;2004;2004;4;9;3;196666,55
106;12720;2003;2003;1;7;3;155537,86
92;10845;2003;2004;2;7;3;169543,24
130;16900;2001;2002;4;10;3;202487,01
112;16451;2003;2003;4;9;3;208232,72
58;10110;2008;2008;2;7;3;173621,20
135;12304;2005;2005;2;6;2;172414,61
89;8232;2007;2008;2;6;3;164400,76
48;6240;2006;2007;2;6;2;160480,42
48;6240;2006;2007;2;6;2;156060,85
36;2448;2003;2004;2;6;2;157437,19
NA;3940;2003;2003;2;6;3;158163,72
NA;3940;2004;2004;2;7;3;154849,04
53;3710;2007;2008;2;5;2;152186,61
80;9024;2004;2004;3;8;2;180340,22
NA;8010;2002;2003;3;7;2;178344,62
NA;8396;2003;2003;4;9;2;190170,38
55;7301;2007;2008;2;6;2;168092,98
71;8220;2000;2001;3;8;2;178757,91
NA;7750;2002;2002;3;6;2;174518,26
41;12460;1999;2000;4;8;2;198168,49
77;8390;1999;1999;3;7;2;176882,69
84;9660;1997;1997;3;9;2;183801,67
NA;11000;2000;2000;4;8;3;196400,05
136;11675;1998;1998;2;5;3;172281,61
97;10990;1996;1997;4;12;2;196380,37
NA;11929;1995;1995;4;9;3;198228,35
91;10010;1993;1994;4;9;3;195556,58
74;13253;2006;2006;3;7;3;186453,26
73;9801;2007;2007;3;7;3;181869,38
80;9428;2007;2008;3;8;3;175610,84
87;10037;2006;2007;3;6;2;183438,73
72;8640;2007;2008;3;6;2;179584,49
85;10625;2007;2007;3;7;3;182386,15
62;7500;2007;2008;2;6;2;160750,37
68;10110;2003;2003;3;7;2;182477,51
67;12774;2003;2004;3;8;2;187720,36
63;13072;2005;2006;3;6;0;187201,94
81;9260;2007;2007;3;6;2;176385,10
65;8453;1995;1995;3;6;2;175901,79
50;8480;1993;1994;3;7;2;182584,28
43;14565;1994;1995;3;6;2;195664,69
65;8450;2001;2001;3;7;2;181420,35
75;8285;1992;1992;3;7;2;176676,05
70;9100;1963;1963;3;5;1;181594,68
75;8100;1961;2007;3;5;1;178521,75
65;8450;1968;1968;3;5;1;175895,88
60;6360;1963;1963;3;5;1;168468,01
95;19508;1974;1974;3;6;2;200973,13
70;10759;1972;1972;4;5;2;197030,64
NA;9205;1990;1991;4;9;2;192867,42
105;11025;1993;1994;4;10;2;196449,25
37;3435;2004;2005;1;5;2;141684,20
30;3180;2005;2005;2;5;2;153353,33
30;3180;2007;2007;2;5;2;151143,55
24;2280;1999;1999;3;6;2;163753,09
NA;4765;2000;2000;2;5;2;158682,46
NA;4538;2001;2001;1;5;2;144959,84
42;4385;2001;2001;2;5;2;160144,39
35;4109;1999;2000;2;5;2;156286,53
24;2160;1999;2000;3;5;2;165726,71
79;10646;2001;2001;3;7;2;182427,48
24;2645;1999;1999;3;7;2;173310,56
24;2645;1999;2000;3;7;2;173310,56
36;3951;1998;1999;2;7;2;151556,01
22;11064;1995;1995;1;4;2;158908,15
NA;24572;1977;1977;3;9;3;209834,38
103;16280;1976;2007;3;6;2;192410,52
NA;7500;2002;2002;3;7;2;174026,25
NA;11104;1969;1969;4;7;2;195499,83
85;11050;1968;1968;4;8;2;200918,02
NA;15387;1967;1967;4;8;2;207243,62
75;9750;1965;1965;4;8;2;196149,78
73;8814;1968;1968;4;7;2;192097,91
65;8125;1965;2005;3;5;2;178570,95
72;11072;1965;1965;6;10;2;228617,97
NA;13355;1971;1971;4;7;2;199929,88
74;7785;1956;1956;2;6;1;160206,37
90;9900;1961;1961;3;5;2;179854,43
NA;11332;1960;2000;3;6;1;185987,34
50;4882;1937;1950;2;5;1;161122,51
80;9600;1960;1960;3;6;2;175949,34
80;9600;1950;2006;3;7;1;183683,59
63;7584;1953;1953;3;5;1;176401,35
90;14670;1966;1999;4;9;2;205832,53
74;8856;1957;1957;3;6;1;177799,80
82;9840;1959;1998;2;7;1;167565,36
90;13200;1958;1958;3;5;2;186348,96
75;10425;1956;1958;3;5;1;179782,76
60;11556;1952;1952;2;4;1;169837,62
102;9373;1953;1953;3;6;2;178817,28
NA;12774;1953;1953;2;5;2;174444,48
95;14250;1957;1957;3;6;2;192834,97
71;8838;1957;1982;4;7;1;196564,72
76;12436;1957;1957;5;9;2;206977,57
60;10122;1948;1950;1;3;1;157054,25
45;7506;1925;1950;3;5;1;175142,95
60;5400;1940;2005;2;4;1;159932,16
60;10836;1922;1950;3;7;4;182801,41
78;10180;1968;1968;3;5;2;181510,38
76;11355;1958;2001;3;6;2;181613,04
NA;12929;1960;1993;3;5;1;186920,51
60;7200;1951;1951;2;5;2;157950,17
80;8000;1959;1959;3;6;1;176115,16
80;8000;1962;1962;3;6;1;182744,51
60;8064;1948;1950;3;5;2;180660,68
64;6390;1954;1954;2;4;1;160775,63
60;7200;1954;1954;4;6;1;186711,72
113;8513;1961;1961;6;10;0;223581,76
60;7200;1955;1967;3;6;2;172330,94
60;7200;1954;1954;2;4;1;163474,63
69;7590;1963;1963;3;6;1;175308,26
56;9836;2008;2008;3;7;1;187462,73
57;9184;1948;2005;3;6;2;180655,10
80;4800;1910;2003;2;6;1;152121,99
60;4800;1940;1950;2;4;1;159856,23
60;6000;1915;2005;4;7;1;186559,85
63;11426;1910;1996;3;9;0;183962,55
63;7628;1940;1985;2;8;2;162107,17
81;7308;1920;1950;2;6;1;162582,29
60;5400;1920;2006;2;5;0;154407,70
60;10800;1940;1950;3;8;2;181625,67
60;6756;1910;1950;2;5;1;164810,61
44;5914;1890;1996;3;5;0;176429,40
75;9000;1946;1950;3;5;3;179188,09
62;7311;1946;1950;1;3;1;145997,64
103;12205;1949;1992;5;6;0;218676,77
69;9142;1900;2006;4;10;2;188323,86
53;5350;1920;1965;3;7;1;168690,07
69;9143;1900;2003;2;5;1;165088,75
60;9600;1920;1960;4;10;2;191435,01
60;6000;1905;2005;3;7;0;168864,40
60;11340;1920;1950;2;5;2;176041,88
60;10800;1890;1999;5;10;2;215911,67
65;9750;1959;1959;2;5;1;167388,24
52;8516;1958;2006;2;5;1;163854,79
55;7111;1928;1983;2;5;1;163299,48
NA;7425;1945;1950;3;8;1;178298,21
NA;7010;1935;1950;3;6;1;176376,59
50;5000;1941;2006;3;6;1;170211,04
59;5870;1900;2000;3;6;1;170818,34
50;6000;1940;1989;3;6;1;174388,87
50;6000;1924;2003;2;5;2;161112,99
50;6000;1937;2000;3;5;1;172179,08
50;6000;1939;1950;2;7;1;157798,31
50;5000;1926;1950;3;6;1;169106,15
60;5520;1920;1997;3;6;1;170129,53
99;5940;1946;1950;2;4;1;157680,23
52;6240;1929;1950;2;6;1;162690,21
NA;6120;1945;1995;1;6;1;146968,38
52;6240;1939;1950;4;7;2;181507,72
51;6120;1923;1950;4;7;2;191215,59
60;9144;1915;2004;4;8;2;189432,69
57;8094;1910;1983;5;8;1;207271,48
63;4347;1910;1950;3;7;1;170030,81
NA;6291;1930;1950;1;4;2;148409,81
60;10266;1952;1952;4;7;1;193850,61
60;6876;1938;1958;4;9;2;193808,32
NA;10320;1915;1978;2;6;2;166300,24
60;7200;1925;1992;2;5;2;163474,63
62;7006;1925;1950;3;6;1;177473,61
60;10320;1912;1991;1;5;2;157443,93
60;10320;1915;1950;3;8;0;180681,01
82;9488;1947;1993;3;6;1;183463,17
NA;11235;1963;1963;3;6;2;182481,76
80;13014;1978;1978;3;6;2;193717,15
68;10265;1967;2005;3;6;1;182782,55
NA;7703;1978;1978;3;6;2;175530,65
NA;9981;1967;1967;3;6;1;177804,06
NA;7400;1984;1984;2;5;2;159448,67
60;12900;1920;1950;3;6;2;181338,98
94;9239;1963;2003;3;6;1;178553,56
88;14175;1956;1956;1;4;2;162820,93
NA;10532;1960;1960;3;7;2;188832,48
63;8375;1941;1973;2;6;3;164682,19
NA;10200;1970;1970;3;5;3;181549,74
82;20270;1979;1979;3;7;2;199158,10
50;5190;1948;1950;2;5;1;152889,52
85;19550;1940;2007;2;5;0;181150,55
68;9571;1956;1956;3;6;1;181416,73
50;9350;1975;1975;2;4;0;164391,24
50;9360;1962;2001;3;7;1;185421,05
NA;9771;1995;2002;4;9;2;193981,33
80;9938;1994;1994;3;7;2;178824,32
NA;14171;1993;1994;4;9;2;209270,05
85;10541;1996;1996;3;8;2;177801,27
65;10616;2007;2007;3;6;2;179053,76
65;9345;2007;2007;3;7;3;178762,17
91;11778;2008;2008;3;7;3;184655,30
91;11778;2008;2008;3;8;3;191284,66
NA;11454;1995;1995;3;6;3;179598,09
NA;11500;1966;1966;2;6;2;167517,63
65;9750;1994;1994;3;5;2;182873,90
NA;8696;1997;1998;3;5;2;177484,91
NA;13142;1997;1997;3;6;2;188444,60
68;8998;2000;2000;3;6;2;179184,15
75;12192;2000;2001;3;6;2;184365,18
NA;12250;1978;1978;3;5;2;184479,32
NA;9216;1975;1975;3;5;2;182927,86
40;14330;1975;2001;2;5;2;178611,64
NA;10400;2001;2001;3;8;2;181943,34
NA;9720;2001;2002;3;7;3;175080,61
NA;14860;2002;2003;3;6;3;190720,79
41;10905;2003;2003;4;9;2;198422,87
96;11690;1999;2000;3;7;2;184482,11
NA;4426;2004;2004;1;3;2;139214,95
83;10126;1997;1998;2;8;3;169233,11
75;9750;2004;2004;3;6;2;180664,12
85;11058;2007;2007;3;6;3;178818,74
74;9627;2007;2007;3;6;2;180422,05
75;9825;1966;1966;3;6;1;178601,94
64;12102;1976;1976;3;6;2;183083,16
65;6500;1976;1976;3;6;2;173163,10
NA;9638;1977;1977;3;6;2;185968,16
72;7200;1976;2001;3;6;2;171226,05
123;47007;1959;1996;5;11;2;281643,98
65;6012;1955;1955;2;6;0;160031,71
74;6845;1955;1955;2;6;0;162775,98
56;6931;1955;1955;2;4;0;160735,45
60;12180;1938;2007;2;5;0;166646,11
57;8050;1947;1993;4;8;0;188384,55
68;9520;1953;1953;2;5;1;165830,70
62;7692;1954;1954;3;6;1;182138,36
67;5142;1923;2008;3;6;1;171595,40
60;7290;1921;1950;2;7;1;160337,08
64;7804;1930;1950;4;10;2;191215,09
66;8969;1926;1950;2;6;1;166956,09
63;15564;1914;1995;3;6;2;186581,83
54;7609;1925;1997;3;7;1;176450,55
NA;9650;1923;1950;4;7;2;193743,19
NA;11700;1937;1995;4;7;1;198882,57
NA;9260;1938;1950;3;6;1;176385,10
79;7801;1951;1951;2;5;1;162447,64
100;9670;1935;1950;4;9;2;193782,56
70;12392;1950;2000;3;8;2;183653,89
56;26073;1956;1956;3;7;2;210578,62
24;1879;1980;1980;2;5;2;158527,16
50;7000;1926;1998;2;5;1;163081,03
60;6000;1940;2006;3;5;1;174388,87
58;8155;1930;1950;4;7;0;191905,87
75;6000;1967;1967;3;7;1;174388,87
60;7392;1930;1995;2;5;1;161642,71
75;9000;1958;1958;4;7;1;186939,51
80;14584;1952;1952;2;4;2;172482,17
60;5280;1895;1950;2;6;1;159696,00
52;5150;1910;2000;2;5;1;157230,37
60;9000;1920;1950;3;5;1;179188,09
44;3843;2007;2008;2;5;2;157972,82
44;3811;2004;2005;2;5;2;156804,95
NA;23730;1996;1997;3;7;3;211491,97
NA;11050;1996;1997;3;8;3;186537,25
76;10260;1976;1976;4;8;2;200468,16
74;9990;1991;1991;3;6;2;182241,34
42;4084;1986;1986;2;6;2;157342,23
74;11563;2006;2007;3;8;3;182022,39
107;12852;2007;2007;3;6;2;181244,51
73;9802;2006;2007;3;6;2;178556,67
81;12018;2008;2008;3;6;3;189547,20
75;12890;1989;1989;3;8;2;187948,65
93;18265;1986;1986;3;6;2;194107,29
82;11202;2003;2003;3;7;2;183521,71
NA;7915;1999;2000;3;6;2;183682,12
79;11449;2007;2007;3;7;2;178483,35
85;11447;2005;2006;3;7;3;184003,88
97;8940;1997;1998;2;8;4;171318,59
77;9278;2007;2008;2;5;0;162039,75
32;4500;1997;1997;2;4;2;154846,25
150;14137;1964;1964;3;6;3;194822,37
NA;4224;1975;1975;3;6;2;169788,74
41;2665;1976;1976;4;6;1;178891,55
21;1974;1973;2006;2;5;1;152084,77
21;1596;1973;1973;1;4;1;139169,87
NA;17979;1968;1968;3;6;1;192439,54
21;1477;1970;2007;3;6;0;161067,86
59;6490;1983;1983;2;4;1;158762,65
60;6600;1982;2005;3;6;1;175569,69
74;12395;1984;1984;3;6;2;183659,80
NA;56600;1900;1950;4;7;1;280618,13
85;10667;1971;1971;3;7;2;180051,81
56;8872;1997;1997;3;7;2;176519,18
NA;10147;1994;1994;3;7;2;179028,43
NA;8637;1999;2000;3;7;2;177161,58
63;7875;1996;1996;3;6;2;180081,51
60;7500;1999;2003;5;7;2;205895,25
NA;9556;1992;1993;3;6;2;183389,78
NA;7655;1993;1994;3;7;2;178543,65
160;18160;1964;1964;3;6;2;194798,32
38;4740;1988;1988;2;5;2;162845,61
35;5118;1990;1990;1;4;2;148103,87
98;12328;2005;2005;4;10;3;201016,17
52;51974;2006;2007;4;8;3;277936,13
195;41600;1969;1990;3;7;3;249768,28
61;8035;2006;2006;2;6;2;161596,05
85;14082;2006;2006;1;7;2;158011,11
81;13870;2006;2007;3;8;3;194089,68
NA;10960;1984;1984;3;5;2;181733,34
78;12090;1981;2003;3;6;2;182852,33
93;12299;1978;1985;3;7;2;189893,00
61;11339;1979;1979;4;9;2;194650,21
79;11850;1984;1984;3;6;2;187904,46
80;10400;1979;1999;2;5;2;171774,93
128;13001;1971;1971;2;6;2;177998,69
64;8991;1976;1976;3;5;2;175648,48
80;8000;1974;1974;4;8;2;196918,07
63;9457;1970;1990;3;7;2;184299,84
66;7920;1970;2002;3;5;1;182379,86
NA;17199;1961;1961;2;4;1;184050,73
33;4113;2001;2001;2;5;2;158296,98
26;10943;1997;1998;2;5;2;175053,36
21;2205;1973;1973;3;6;1;162293,38
21;2058;1973;1973;4;7;1;186328,88
24;2304;1978;1978;2;4;1;151422,12
65;7150;1966;1966;3;5;1;181969,36
96;12469;2006;2007;3;7;3;189122,68
91;11825;2006;2007;3;7;3;185645,48
110;14333;2007;2007;2;7;3;182829,90
107;13641;2007;2007;3;8;3;195848,79
110;13440;2006;2007;4;11;3;198785,06
105;15431;2005;2006;2;7;3;181676,13
107;13891;2007;2007;3;8;3;194131,01
118;13654;2005;2006;4;9;3;201416,00
59;17169;2007;2007;2;7;3;185096,58
134;16659;2007;2008;3;7;2;195158,97
82;9709;2007;2007;3;8;3;184795,78
94;13615;2006;2006;3;7;3;189168,26
99;13069;2004;2004;5;11;3;216855,26
110;14277;2003;2003;3;7;3;184946,64
NA;12568;2007;2007;3;8;3;189317,51
70;9926;2005;2006;3;7;3;180803,28
71;9254;2005;2005;3;7;2;175061,19
92;10732;2006;2007;3;7;3;179074,84
34;3901;2005;2006;1;5;2;145708,76
34;3903;2005;2006;1;5;2;142398,02
41;6289;2005;2006;2;6;2;161474,53
34;4590;2006;2006;2;6;2;157025,95
48;7841;2005;2005;2;6;2;163424,04
48;6240;2006;2006;2;6;2;164692,78
48;3242;2003;2003;2;6;2;152163,24
59;15810;2007;2007;3;7;2;192383,22
65;10237;2005;2006;3;6;2;182520,23
58;13204;2006;2007;3;6;2;187254,51
62;8857;2006;2006;3;7;2;176489,66
63;9729;2006;2007;3;6;3;181520,47
88;12216;2005;2005;3;6;2;186414,98
72;8229;2007;2007;3;6;2;185197,76
64;7713;2007;2007;3;7;2;178657,79
64;7697;2007;2007;3;6;2;179731,20
NA;3621;2003;2003;2;7;3;161748,27
53;3710;2007;2007;2;6;2;158608,75
65;16219;2004;2005;2;5;2;178807,37
87;11084;2004;2004;3;8;2;184187,16
59;10936;2006;2006;3;6;2;181686,10
NA;11950;2003;2003;3;7;2;190311,05
63;7875;2003;2003;4;8;2;192252,50
NA;8740;2002;2002;4;8;2;193954,85
58;9487;2000;2000;3;7;2;181044,20
59;9649;1999;2000;3;7;2;180258,13
100;12191;1997;1998;4;8;3;199641,66
89;10557;1998;1998;4;9;3;197530,78
74;11002;1998;1999;4;9;3;191777,20
83;10790;1998;1998;4;8;3;195779,54
88;11762;1992;1993;4;9;2;202112,05
82;9044;1996;1997;4;8;3;192343,35
75;9910;2007;2007;3;5;2;185191,36
91;11830;2007;2007;3;6;3;186760,21
76;10612;2006;2006;3;7;2;177733,78
98;12291;2007;2007;1;6;3;164430,39
85;9965;2007;2007;3;6;2;185299,60
74;8847;2005;2005;3;7;2;186414,01
70;8251;2005;2006;3;7;2;176401,92
70;9605;2006;2006;3;7;3;182381,32
75;8778;2006;2006;3;7;3;176334,18
72;8640;2007;2007;3;6;2;184901,74
75;9000;2006;2007;3;6;2;180085,77
72;8640;2007;2007;3;8;2;184901,74
81;10411;2007;2007;3;8;2;183967,56
112;12217;2007;2007;3;8;3;193046,30
84;10440;2007;2007;2;6;2;168538,97
100;11824;2006;2006;2;5;3;170157,84
85;10625;2004;2004;4;9;3;196559,71
63;7500;2006;2007;3;6;0;177133,71
63;7500;2006;2006;3;5;0;181553,28
60;12450;2003;2004;3;6;2;185770,61
65;7441;2006;2006;3;7;2;177017,60
NA;11613;1993;1997;3;7;2;184123,36
50;8012;1980;1980;2;5;1;165970,36
64;6285;1977;1977;2;5;1;158151,99
84;7476;1968;1968;3;5;2;177086,48
NA;19522;1990;1990;3;7;2;196373,90
44;10751;1974;1974;2;5;2;172465,71
43;12712;1973;2006;2;5;2;168590,78
45;4379;2004;2004;2;6;2;158820,47
80;3523;2006;2007;2;5;2;151611,37
32;3784;2006;2007;2;5;2;152125,03
40;3606;2006;2007;2;5;2;158404,07
30;5330;2006;2007;2;5;2;160692,08
24;2280;1999;1999;3;6;2;170175,23
24;2117;2000;2000;3;4;2;169854,44
73;7321;1999;2000;3;5;2;183410,79
NA;8010;2003;2004;3;8;2;180347,19
106;8413;1998;1998;3;8;2;178930,53
50;9466;1994;1995;1;5;2;153346,22
80;12000;1980;1980;3;8;2;182675,20
94;17778;1981;1981;2;7;2;180770,65
78;11700;1968;1968;3;7;2;188714,15
80;8000;1970;1970;4;8;2;191393,61
NA;8723;1969;1969;3;6;2;174016,16
130;11700;1968;1968;3;6;2;183189,69
108;11358;1972;1987;3;8;2;183621,51
80;9547;1993;1993;2;6;2;168991,30
78;10530;1993;1993;3;8;2;185306,65
88;10738;1966;1966;3;6;2;189030,68
80;10800;1963;1963;3;6;1;179208,67
70;8050;1967;1993;3;5;1;174901,45
NA;10899;1964;1964;2;8;3;168337,41
74;7450;1956;1956;2;6;2;158234,96
NA;14357;1961;1961;2;6;2;179562,45
76;8243;1961;1961;3;5;2;174176,39
70;8680;1960;1960;3;5;1;173931,53
80;8800;1966;1966;3;6;2;184111,73
80;9200;1965;1965;3;5;2;179374,48
80;8800;1964;1997;5;8;2;207348,81
NA;11382;1964;1964;3;7;1;186983,42
NA;22002;1959;1991;3;6;2;206779,09
85;12172;1940;1996;2;4;2;177472,07
50;5000;1946;1950;2;4;0;156727,95
51;3500;1945;1950;2;4;0;157090,57
50;5175;1958;2000;2;5;1;160387,03
80;9600;1955;1955;2;6;1;172410,28
63;8668;1968;1968;4;8;3;191603,37
NA;10050;1966;1966;3;6;2;182152,21
100;9600;1961;1961;3;6;2;180161,70
73;8760;1957;1999;2;4;1;169652,24
65;6860;1956;1956;3;6;1;182503,52
60;8250;1963;1963;3;6;2;179714,63
70;9100;1960;1960;3;6;1;180282,57
80;9736;1957;1969;4;8;2;192600,34
72;9770;1957;1957;2;5;1;166115,49
70;12198;1955;1975;3;7;1;186379,55
75;10050;1955;1955;3;5;1;184361,99
60;11556;1953;2006;3;6;1;186220,97
70;8078;1958;1958;4;8;2;198176,47
60;10950;1952;1952;2;5;2;168437,78
68;7942;1953;1953;3;6;1;178003,58
71;8540;1956;2003;3;5;1;179180,47
55;7150;1955;1955;4;7;1;191930,56
70;8400;1955;1955;3;5;1;175590,27
75;9532;1953;1953;3;6;1;176713,19
NA;15783;1952;1952;2;6;1;180159,09
60;14190;1890;2006;3;7;0;188090,10
NA;12099;1953;2004;3;7;1;186184,72
113;21281;1935;2007;4;9;3;223055,59
60;10284;1925;1993;1;6;2;158270,75
60;10800;1895;1999;3;6;0;184733,13
93;10090;1963;1999;4;6;1;199926,38
75;8700;1961;1961;3;5;1;175075,79
66;8300;1968;1968;3;5;1;180917,93
60;7200;1950;1950;3;6;1;182067,76
NA;7500;1959;2003;3;6;1;178238,60
70;7315;1958;1958;3;6;1;173454,94
70;7903;1960;1960;3;6;1;176821,94
80;8000;1960;1960;3;6;1;183642,19
70;7000;1961;1961;3;7;1;177254,58
60;6600;1962;1962;2;5;1;168715,95
66;6760;1962;1962;3;6;1;180096,93
60;6978;1926;1980;2;5;2;160620,73
50;6000;1927;1950;3;6;2;175286,54
56;4480;1922;1950;2;4;1;153494,78
56;3153;1920;1990;2;5;1;156407,66
60;7200;1940;1950;2;5;2;162162,53
120;9000;1900;2006;2;6;2;166809,89
50;5925;1900;1950;3;6;1;172929,16
57;9639;1900;1950;4;7;2;193514,33
NA;10337;1910;1999;3;7;2;181612,14
53;9863;1927;1950;4;9;1;191745,39
35;4571;1910;1950;3;6;2;171369,33
56;8398;1910;1990;3;6;2;184425,47
60;3600;1930;2005;3;6;1;170563,25
75;13500;1879;1987;3;8;2;184522,37
52;8626;1956;1956;2;5;1;164968,95
76;11800;1949;2002;1;6;1;157939,62
55;6854;1925;1994;1;6;1;151520,38
55;8674;1950;1950;3;6;1;176129,51
50;6125;1939;1998;3;6;1;171112,98
50;6000;1939;1950;3;6;1;169762,08
51;6120;1939;1950;2;5;1;162246,83
NA;6240;1938;1950;3;6;2;171339,30
52;6240;1939;1952;4;7;1;189034,75
52;6240;1930;1992;3;6;1;175758,87
51;6120;1926;1950;2;6;2;163351,72
47;7755;1918;1995;4;8;1;189806,55
60;8850;1920;1950;3;7;2;175370,99
60;8550;1926;1950;4;7;2;196895,60
NA;5700;1929;1990;3;6;2;176905,92
40;5680;1901;1950;3;7;1;176866,56
40;5680;1901;1950;2;6;1;163590,68
120;13200;1963;1963;5;9;2;212693,50
60;9780;1950;2005;4;8;1;192686,93
60;10320;1915;1950;3;7;2;181578,68
52;4330;1958;1958;3;5;2;166475,46
60;10320;1910;1950;3;6;1;185998,26
107;12888;1937;1980;3;7;2;185527,71
59;4484;1942;1979;2;4;1;159027,12
75;11235;1963;1963;3;6;1;181169,65
75;11235;1964;1980;2;6;2;176732,92
62;14299;1964;1964;3;5;2;191619,29
65;14149;1964;2001;3;5;2;189114,30
NA;11677;1966;1966;3;6;1;180934,64
70;8425;1971;1990;2;6;2;164573,37
86;8665;1968;1968;3;5;1;173902,01
NA;8398;1967;1967;2;5;2;165625,13
NA;8169;1966;1966;3;6;1;179555,22
81;14175;1956;1998;3;6;1;196899,72
99;16779;1920;1996;4;11;2;207566,12
70;6960;1940;1998;2;6;1;163899,98
91;11375;1954;1995;3;6;2;189179,43
85;13770;1958;1998;3;6;1;193892,88
NA;9000;1945;1950;3;5;2;178980,87
NA;11075;1984;1984;3;7;2;179749,88
NA;17541;1948;2005;3;6;2;197999,67
NA;22692;1953;1953;3;6;2;203717,47
84;17808;1946;1950;2;4;1;185249,26
102;12671;1954;1994;4;6;2;201691,21
70;10512;1954;1954;3;6;1;181956,55
60;5400;1958;1958;3;6;1;171895,94
NA;11515;1958;1994;3;5;1;187245,17
39;3869;1984;1984;2;5;1;157816,77
58;9280;1951;1951;4;7;1;191702,91
60;11100;1951;1994;4;7;1;198599,42
50;7550;1920;1950;4;7;1;187193,31
104;23920;1984;1984;4;7;2;220514,99
75;9317;1994;2001;3;7;2;181814,53
71;9178;2007;2007;3;7;3;183750,76
93;10481;2006;2007;3;8;3;183000,43
66;10235;2007;2007;3;7;3;185830,97
75;11750;2005;2006;3;7;3;185497,87
73;8760;2006;2006;3;7;2;179613,44
64;7242;2005;2006;2;6;2;164454,97
78;9316;2005;2006;3;7;2;185127,24
NA;8883;1988;1988;3;7;2;178750,61
155;20064;1976;1976;0;5;2;160927,61
NA;14217;1994;1994;3;6;2;192562,81
57;10021;1997;2006;3;6;2;180990,24
60;8428;1994;1994;3;5;1;180064,94
70;16561;1996;1996;3;6;1;196071,00
47;10820;1999;1999;3;7;2;180352,92
43;12352;1998;1999;3;7;2;183367,95
68;9543;2001;2001;3;7;2;176734,84
NA;8826;2000;2000;3;7;2;180848,22
97;11800;1974;1974;3;5;2;187806,06
59;8660;1976;1976;3;6;2;180521,53
72;9720;1977;1977;3;6;2;181502,75
45;8982;1977;1977;3;5;2;174525,88
39;16300;1977;1977;3;5;1;188927,98
75;9675;1975;1975;3;5;2;184728,87
60;7200;1972;2000;3;5;2;179857,98
60;7200;1972;2006;3;5;2;180962,87
NA;11354;2000;2000;3;7;2;179194,07
70;8749;2003;2003;3;7;2;179591,79
65;8158;2002;2002;3;7;2;180638,46
73;11927;1994;1995;3;7;2;185846,22
NA;12728;2001;2001;4;7;2;195174,03
NA;15295;1996;2002;3;7;2;192474,57
73;17227;1999;2000;1;5;2;164200,60
70;8145;2007;2007;3;7;2;178403,09
65;8769;2005;2005;2;5;2;170774,84
64;8334;2006;2007;3;6;2;179879,95
64;8333;2006;2006;3;7;2;177668,19
64;9045;2005;2005;3;6;2;180174,33
75;9825;1967;1967;2;4;1;170643,30
67;8308;1963;1963;2;4;2;165448,00
74;16287;1925;1950;3;7;2;195531,75
80;8240;1960;1960;2;5;2;165314,18
65;6285;1976;1976;3;7;2;172532,76
NA;9555;1979;1979;5;11;2;203310,22
60;7023;2005;2006;3;6;2;175090,06
128;39290;2008;2009;2;15;3;230841,34
35;3675;2005;2005;2;5;2;155225,19
64;6400;1959;2000;2;4;1;168322,34
74;6882;1955;1955;2;6;0;165956,26
52;8741;1946;1950;4;8;0;193956,82
62;10042;1920;1995;2;4;1;171070,37
60;8172;1955;1955;2;4;1;166285,24
60;8172;1955;1955;3;5;2;182875,80
60;10890;1923;1950;6;12;0;218108,54
54;7223;1926;1950;3;6;1;174378,78
51;6821;1921;2005;2;8;1;164731,32
63;4000;1930;1995;2;5;1;156969,70
53;6720;1921;1950;3;7;1;173388,85
53;7155;1926;1991;3;6;1;177559,63
60;7230;1927;1992;4;8;2;194297,79
126;13108;1951;1951;2;7;2;174894,59
110;7810;1930;2003;4;7;1;196544,14
79;6221;1941;1950;3;5;2;179036,16
NA;25485;1960;1960;3;6;2;211423,99
NA;21579;1968;1968;3;7;2;208156,40
24;1782;1980;1980;2;5;2;159233,94
NA;17871;1995;1996;4;7;2;210820,12
35;3907;1988;1988;1;4;2;140196,11
NA;20693;1971;1971;3;7;2;198678,47
70;18044;1986;1986;2;6;2;186818,61
50;7000;1940;1950;3;6;2;175044,80
50;7288;1925;2003;3;6;0;180031,16
50;9060;1923;1999;3;6;NA;176889,17
46;3672;1922;1950;2;5;1;159638,86
64;11067;1939;1950;1;4;1;154287,26
75;8250;1895;2006;4;9;0;191885,62
65;6565;1957;1980;3;6;2;177503,38
60;6060;1930;2007;2;5;1;166548,32
59;5568;2006;2007;2;5;2;164475,15
NA;12150;1979;1979;2;5;2;167484,74
80;10000;2002;2002;3;6;3;188683,16
44;12864;2002;2002;1;4;2;162243,40
NA;9928;1991;1992;3;6;2;180807,21
NA;8750;1975;1975;3;4;1;176279,08
82;8410;1974;1974;2;5;2;163438,96
46;4054;1987;1987;2;5;2;161495,54
149;19958;1958;1995;4;7;2;216032,30
67;8368;2006;2007;3;7;2;176632,18
68;8298;2006;2007;2;6;2;168743,00
42;10331;1985;1985;3;6;2;183810,12
NA;6718;2001;2001;2;5;2;156794,36
80;11305;2002;2002;2;6;3;169136,43
NA;7777;1996;1996;3;7;2;183203,32
NA;11800;2003;2004;5;10;2;213252,93
85;12633;2006;2007;3;8;3;190550,33
200;43500;1953;1953;2;9;4;234707,21
62;6710;1996;1997;0;3;2;135751,32
21;1504;1972;1972;3;5;1;164228,46
NA;1533;1970;1970;2;4;1;153219,44
21;1495;1970;1970;3;5;0;164210,75
21;1890;1976;1976;3;6;1;163883,23
72;9129;1977;1977;1;4;2;154892,78
NA;15957;1977;1977;3;6;2;197092,09
61;33983;1977;1994;3;6;2;228148,38
68;8286;1977;1977;3;6;2;178680,59
50;6723;1971;1971;2;5;0;165643,34
124;27697;1961;1961;3;6;1;222406,64
NA;11000;1976;2003;3;6;2;184021,84
65;11625;1983;1983;2;4;1;170871,09
62;10447;1984;1984;3;5;1;189562,87
NA;11027;1954;1954;2;5;2;170591,88
85;10533;1956;1956;2;5;1;172934,35
NA;11765;1957;1957;3;7;3;186425,07
NA;39384;1957;1957;1;4;2;218648,13
90;11727;1969;1969;3;8;2;183035,61
60;8238;1997;1998;3;6;2;178378,91
NA;13041;1995;1995;3;7;2;184516,72
54;9783;1996;1996;3;7;2;181419,53
50;13128;2005;2005;4;7;2;196858,92
42;13751;2005;2006;3;9;3;189228,70
68;13108;1994;1994;4;9;2;208973,38
NA;8076;1993;1994;3;6;2;180269,87
30;3701;1987;1987;2;5;2;159488,71
59;16023;2005;2006;3;11;3;191490,30
60;18062;2006;2006;5;10;3;228684,25
63;12292;2006;2006;4;11;3;201843,00
82;16052;2006;2006;4;11;3;209242,82
92;15922;2005;2006;4;10;3;202357,62
60;8147;2005;2005;2;7;2;168238,61
90;18261;2005;2005;3;8;3;202524,12
NA;10464;1980;1980;2;5;2;170588,77
81;10530;1978;1978;4;8;2;198375,32
NA;9927;1976;1976;2;5;2;170636,83
75;9512;2005;2006;3;8;2;181991,08
81;10530;1975;2000;3;8;2;183994,54
80;10000;1974;1974;3;6;2;182951,48
60;7200;1971;1971;3;5;2;174126,30
26;8773;2002;2002;2;4;2;170575,50
24;2760;1973;1973;3;6;2;175332,24
24;2160;1973;1973;3;7;2;167522,06
21;1890;1972;1972;3;6;1;168095,58
21;1680;1972;1972;2;5;1;154406,42
21;1680;1972;1972;3;6;1;170996,97
53;4043;1975;1975;2;4;2;159056,89
65;7514;1967;1975;3;6;1;181373,62
24;2280;1976;1976;2;4;1;152272,56
24;2179;1976;1976;3;6;2;168664,35
72;16387;2006;2006;4;11;3;211007,01
110;16163;2004;2004;2;6;3;182909,52
108;12228;2006;2006;4;8;3;203926,83
120;14780;2005;2005;2;7;3;179082,83
120;13975;2005;2006;4;10;3;206260,10
82;9942;2005;2006;3;8;2;181732,44
103;12867;2005;2006;3;8;2;189698,74
82;10672;2006;2006;4;10;3;203074,35
82;11643;2005;2006;4;10;3;201670,63
121;13758;2005;2006;2;6;3;173756,81
131;14828;2004;2005;2;7;3;181387,08
NA;13215;2004;2004;3;9;3;184859,16
48;5911;2005;2005;2;6;2;158313,62
61;7740;2006;2006;1;6;3;151951,96
48;6373;2006;2006;2;6;2;162537,53
65;10237;2005;2006;3;8;2;178998,34
65;10237;2006;2006;3;8;2;186732,58
102;11660;2006;2006;3;6;2;187323,32
96;11631;2004;2005;4;9;3;199437,23
75;9073;2006;2006;3;8;2;185546,68
43;3087;2006;2006;2;6;2;161595,02
NA;2938;2002;2002;2;5;2;154672,42
NA;3072;2004;2004;2;7;2;159355,71
43;3010;2005;2006;2;6;2;155919,01
59;9171;2004;2005;3;7;2;182424,87
NA;8658;2000;2000;3;9;2;178100,59
NA;12104;2006;2006;4;8;3;202577,90
84;9660;1998;1998;3;7;3;177862,78
83;9545;2000;2000;3;7;3;182056,02
NA;9233;2000;2000;4;9;3;191403,20
83;10019;1995;1995;4;9;3;196264,75
114;17242;1993;1994;4;11;3;209375,00
NA;10236;1994;1995;4;9;3;196691,82
NA;12585;1993;1993;3;8;3;192458,43
75;12447;2005;2006;3;8;2;182242,81
49;15218;2006;2006;2;6;3;183259,50
85;10936;2006;2006;3;7;2;188108,24
72;8640;2006;2006;2;5;2;171418,64
100;13162;2006;2006;3;11;3;194698,88
65;8125;2005;2005;3;7;2;174841,84
74;7733;2005;2005;3;5;0;172965,48
91;11024;2005;2006;3;6;2;189386,32
63;13072;2005;2006;3;6;0;185682,62
65;7800;2005;2005;3;8;2;176412,01
74;7632;2005;2005;3;7;2;174976,49
70;8304;1997;1998;3;7;2;180718,58
70;9370;1992;1993;3;7;2;186131,19
50;7175;1990;1991;2;5;2;165220,79
50;7175;1991;1991;2;5;2;164115,89
NA;9019;1994;1994;3;6;2;182125,73
70;9100;1962;1962;3;6;2;182285,14
68;8927;1977;1977;4;10;2;196325,44
NA;9240;1962;2002;2;6;2;164865,22
NA;9308;1965;1965;3;5;1;182694,49
65;8450;1968;1968;3;5;1;185425,49
NA;8638;1963;1963;2;5;2;171414,70
NA;13052;1965;1965;3;5;1;183433,47
NA;8020;1964;1964;3;6;0;176844,98
NA;8789;1967;1967;3;6;1;180568,19
100;14330;1974;1974;3;9;2;185948,63
105;11025;1992;1993;3;9;3;189388,29
34;3628;2004;2004;1;5;2;142754,49
24;2544;2005;2005;2;4;2;156106,80
NA;2998;2000;2000;2;4;2;155895,40
NA;4447;2003;2003;2;4;2;159851,98
114;8314;1997;1998;3;6;1;185157,83
60;7180;2001;2002;3;6;2;180716,29
79;13110;1972;1972;2;6;2;176901,09
78;10140;1967;1967;3;7;2;181017,22
80;9600;1968;1968;3;6;2;183269,16
72;8640;1968;1968;4;7;2;193550,83
78;9360;1968;2004;2;4;2;170625,84
70;8400;1968;1968;3;6;1;182012,41
NA;9759;1966;1966;3;6;1;179162,51
80;9600;1967;1967;3;6;1;183269,16
80;8800;1965;2000;3;7;1;180589,84
NA;10368;1964;1964;3;7;2;181465,94
85;9350;1964;1964;4;7;2;196053,03
80;10800;1960;1960;3;6;1;183421,02
60;8550;1934;1950;2;4;1;167926,84
68;9724;1947;1950;2;5;1;168027,53
80;9600;1961;1990;3;7;2;182164,27
89;10858;1952;1952;2;6;1;172469,07
80;9600;1951;1951;3;7;1;181059,37
79;9462;1949;1973;3;7;1;182997,57
82;9888;1954;1975;2;5;1;166140,50
NA;8917;1967;1967;4;8;2;198515,55
NA;12700;1964;1964;3;6;2;193789,65
109;9723;1963;1963;2;5;2;173550,03
70;8400;1957;1957;3;6;1;176487,94
NA;9610;1958;1958;3;7;2;188813,30
125;10000;1956;1956;3;6;1;178531,91
72;10152;1956;1994;3;6;1;182145,73
70;8092;1954;2000;3;6;1;179196,47
66;12778;1952;2003;2;4;1;169618,35
75;10170;1951;1951;2;5;2;170010,17
55;7700;1956;1956;3;6;2;181739,67
65;11050;1956;1956;2;6;1;172846,93
80;13600;1955;1955;3;6;1;195560,88
85;15428;1951;1991;2;4;1;180358,11
118;21299;1941;1963;3;7;3;211817,70
70;13300;1956;2001;2;6;2;176170,13
94;22136;1925;1975;5;10;3;234492,25
50;7500;1947;1950;3;6;2;182450,96
60;10410;1930;2001;2;5;1;174902,07
60;10914;1929;1950;2;4;2;173684,17
60;7008;1900;1998;1;5;1;147196,67
60;7200;1915;1950;3;7;2;175231,19
60;10818;1910;1950;4;7;2;193417,65
83;10184;1963;1963;3;6;1;183313,60
77;9510;1962;1985;3;6;1;180882,25
80;10800;1961;1992;3;6;2;186735,70
86;11650;1959;1959;2;5;2;172922,87
NA;18275;1962;1998;3;9;2;202551,68
60;12144;1950;1950;3;6;1;190485,63
60;8544;1950;1950;2;6;2;173439,49
75;8512;1960;1960;4;8;0;196613,60
70;7000;1961;1961;3;6;1;178152,26
74;7400;1962;1962;3;6;2;174519,90
70;7000;1962;1962;3;5;1;172627,80
70;7000;1962;1962;3;6;0;173732,69
62;9856;1900;2005;5;8;2;209219,84
60;9600;1948;1950;3;6;1;181059,37
60;5520;1920;1980;4;9;1;188515,44
60;9600;1900;2004;3;7;2;182164,27
58;6451;1900;1970;4;7;2;188137,90
66;3960;1930;1950;2;5;1;158893,54
56;7745;1900;1950;4;9;2;189579,65
56;7741;1924;1950;2;5;1;165229,80
50;5633;1925;1950;2;5;1;162186,07
60;7200;1950;1950;2;5;1;166374,88
42;7614;1905;1950;2;7;1;161665,18
50;6000;1955;1955;3;5;2;175079,33
50;6000;1924;1950;5;7;2;203840,87
52;7830;1921;1950;1;3;1;152129,08
56;9576;1945;1950;3;5;1;181012,14
48;5747;1920;1950;2;5;1;161305,54
70;6300;1910;2005;5;9;2;203326,39
33;5976;1920;1950;2;8;0;168385,57
65;9750;1958;1958;3;5;2;183564,37
63;4761;1918;1950;2;5;0;163784,62
69;11737;1924;1996;2;9;1;171989,19
51;6120;1930;1950;3;6;1;180839,96
51;6120;1930;1984;3;7;1;170895,92
50;11672;1925;1950;2;4;1;174071,05
90;33120;1962;1962;5;8;2;259423,86
60;10320;1924;1950;3;7;2;188000,82
60;7518;1910;2004;3;7;1;179171,70
50;9000;1919;1950;2;4;0;171022,24
60;7200;1930;1950;3;6;1;174126,30
82;12375;1951;1951;3;7;1;187625,57
120;11136;1964;1964;4;8;2;199567,95
100;21370;1950;1950;3;7;2;205328,08
55;8250;1935;1950;2;6;1;166231,54
50;5220;1936;1950;2;4;1;154743,92
50;5500;2004;2004;2;4;1;159714,54
NA;11327;1967;1967;3;6;2;185563,07
80;10366;1964;1964;2;4;1;171500,80
75;9000;1966;1966;3;6;1;180983,44
NA;9535;1967;1967;3;7;2;183141,24
NA;7176;1978;1978;3;6;2;178498,63
NA;9662;1977;1977;6;10;2;224323,71
75;8235;1977;1977;6;10;2;218200,64
NA;17529;1924;1950;2;5;1;182283,18
NA;20355;1967;1967;2;6;2;190054,64
87;13050;1963;1963;1;4;2;160192,45
72;10820;1971;1972;2;4;2;171289,39
NA;1700;1980;1981;2;7;1;151131,10
75;9375;1954;1954;3;6;2;181721,46
62;6488;1942;1950;3;6;1;172725,05
114;19950;1928;1950;4;8;3;222438,70
60;19800;1935;1990;5;7;2;235419,37
78;11679;1962;1962;3;6;2;185150,93
80;12048;1952;2002;3;7;2;184772,24
70;10519;1955;1999;3;6;1;180658,22
75;9525;1953;1953;5;7;1;209673,32
88;12128;1989;1989;4;9;2;205939,81
73;9069;1993;1993;2;8;4;165633,57
133;11003;2005;2006;3;7;3;186030,32
64;7488;2005;2005;2;6;2;160312,32
90;13377;2006;2006;3;7;2;190702,44
78;11645;2005;2006;2;6;3;175122,81
91;10984;2005;2006;3;8;2;183783,14
78;9316;2005;2005;3;7;2;178290,67
78;9316;2005;2005;3;6;2;181605,34
80;12000;1968;1968;3;6;2;187992,45
95;13015;1996;1996;3;5;2;188885,12
65;12438;1995;1995;3;6;2;189959,34
NA;8685;1998;1998;3;5;2;179258,62
68;9272;1999;1999;3;7;2;181518,75
72;13426;1999;2000;3;7;2;193008,66
50;8340;1977;1977;3;6;1;186313,89
42;10385;1978;1978;3;6;3;181499,39
60;7200;1972;1972;3;5;1;174126,30
NA;9930;2002;2002;3;6;2;183918,61
45;9468;1999;1999;3;7;2;184114,27
NA;11088;2002;2002;1;5;2;158540,95
70;8726;2002;2002;4;8;2;197034,76
67;10566;1999;1999;3;8;3;185170,28
NA;21533;1996;1997;4;9;2;221134,53
90;11250;1998;1998;3;8;3;184306,64
90;11250;1995;1996;4;8;2;199792,30
37;4435;2003;2003;1;4;2;143237,80
70;8810;2003;2003;3;7;2;177294,84
74;8581;2006;2006;3;7;2;182368,62
70;8400;2005;2005;3;6;2;176487,94
65;8772;2005;2006;3;6;2;183849,41
67;8777;1910;2000;3;6;2;184964,14
38;7840;1975;1975;4;4;0;196395,97
73;16133;1969;1969;2;5;1;188374,94
62;7162;2003;2004;3;8;2;176261,30
75;8050;2002;2002;2;4;0;163628,14
90;11060;2003;2005;3;9;2;180618,03
35;3675;2005;2006;2;5;2;161647,33
24;2522;2004;2004;3;7;2;167129,60
56;6956;1948;1950;3;5;1;174750,99
72;7822;1915;1950;3;7;2;177560,20
62;8707;1924;1950;4;9;1;192577,80
60;16012;1954;1968;3;6;2;199202,90
45;8248;1922;1950;3;8;0;182818,16
60;8088;1922;1955;1;3;1;148217,26
76;11388;1910;1993;3;5;1;188997,80
60;10890;1938;1950;3;6;1;185807,93
58;6430;1945;1950;3;6;1;177030,48
43;7000;1926;1997;3;6;1;175942,47
69;4899;1920;1950;3;6;1;172912,52
54;9399;1919;1950;4;7;1;198359,25
84;10164;1939;1950;3;6;1;184379,13
51;6191;1941;1950;4;6;1;194255,57
66;21780;1920;1950;3;7;1;209449,65
80;12400;1940;1950;2;7;1;169979,32
81;8170;1929;1950;4;7;2;188206,28
70;12320;1932;1990;3;8;3;186412,44
70;14210;1930;1959;3;8;2;196761,39
78;15600;1950;1963;4;9;1;208353,27
50;7288;1942;1950;2;5;1;166548,07
50;7000;1926;1950;3;6;2;175942,47
61;8534;1925;1950;2;4;0;166790,46
50;7030;1925;1950;2;4;1;160515,85
75;9060;1957;1957;4;6;1;192167,62
69;12366;1945;1950;2;5;0;178751,55
50;9000;1951;1951;4;8;0;198678,89
60;8520;1916;1950;2;6;0;164553,12
41;5748;2005;2006;2;5;2;156887,93
44;3842;2004;2005;2;5;2;164185,78
69;23580;1979;1979;3;6;2;212992,12
65;8385;1978;1978;4;10;2;197468,55
70;9116;2001;2001;3;7;2;180106,84
140;11080;1975;1975;3;6;2;183972,07
NA;50102;1958;1958;2;6;2;245283,20
NA;8098;2000;2000;2;5;2;170351,96
95;13618;2005;2006;3;8;3;195596,31
88;11577;2005;2006;3;9;3;189369,76
125;31250;1951;1951;3;6;1;223667,40
78;7020;1997;1997;2;8;4;169335,31
41;2665;1977;1977;3;5;1;167411,03
58;10172;1968;2003;3;5;1;187709,56
NA;11836;1970;1970;4;8;3;196526,00
21;1470;1970;1970;1;3;0;137402,57
21;1484;1972;1972;3;5;1;165086,78
80;13384;1969;1979;3;8;1;188506,43
21;1533;1970;1970;3;5;1;172917,46
21;1526;1970;1970;3;5;0;166274,33
21;1936;1970;1970;3;5;0;167081,22
21;1894;1970;1970;3;6;1;164788,78
160;20000;1960;1996;4;7;2;219222,42
62;10441;1992;1992;3;6;0;184924,28
74;9627;1993;1994;3;9;3;187741,87
